#1,
abash,"To make ashamed; to embarrass 당혹스럽게 하다, 얼떨떨하게 하다"
abate,"To subside; to reduce 감소시키다, 무효로 하다"
abdicate,"To step down from a position of power or responsibility 포기하다, 퇴위하다, 사퇴하다"
aberration,"Something not typical; a deviation from the standard 탈선, 정신이상 "
abhor,"To hate very, very much; to detest 몹시 싫어하다, 혐오하다"
abject,"Hopeless; extremely sad and servile; defeated; utterly bummed out  비천한, 비열한, 비굴한(사람)"
abnegate,"To deny oneself things; to reject; to renounce 포기하다, 버리다, 자제하다"
abortive,"Unsuccessful 실패한; 유산의, 발육부진의"
abridge,"To shorten; to condense 요약하다; 축소하다, 단축하다; 제거하다"
absolute,"Total; unlimited; perfect 절대의, 무조건의, 전체적"
absolve,"To forgive or free from blame; to free from sin; to free from an obligation 용서하다, 사면하다, 방면하다 "
#2,
Abstinent,"Abstaining; voluntarily not doing something, especially something pleasant that is bad for you or has a bad reputation 절제하는, 금욕적인"
abstract,"Theoretical; impersonal 추상적인, 이상적인, 난해한"
abstruse,"Hard to understand 난해한, 심오한"
abysmal,"Extremely hopeless or wretched; bottomless 심연의, 끝없이 깊은"
accolade,"An award; an honor 나이트작 수여식; 명예, 표창"
accost,To approach and speak to someone 다가가서 말을 걸다
acerbic,"Bitter; sour; severe [맛이] 신, 신랄한"
acquiesce,To comply passively; to accept; to assent; to agree 묵인하다; 묵묵히 따르다
acrid,"Harsh; like acid 매운, 신랄한, 가혹한"
acrimonious,"Full of spite; bitter; nasty 신랄한, 엄한, 호된"
acumen,"Keenness of judgment; mental sharpness 예민, 날카로운 통찰력"
#3,
acute,"Sharp; shrewd 날카로운, 민감한"
adamant,"Stubborn; unyielding; completely inflexible 단단한, 견고한, 굳센"
address,"To speak to; to direct ones attention to [...에게] 말을 걸다, 연설하다' [항의 등을]제기/제출하다"
adherent,"Follower; supporter; believer 지지자, 당원, 신자; 부착력 있는, 들러붙는"
admonish,"To scold gently; to warn 훈계하다, 충고하다; 경고하다"
adroit,"Skillful; dexterous; clever; shrewd; socially at ease  교묘한, 솜씨있는; 기민한, 영리한"
adulation,"Wild or excessive admiration; flattery 아첨, 추종"
#4,
Adulterate,"To contaminate; to make impure 오염시키다, 더럽히다"
adverse,"Unfavorable; antagonistic 반대의, 거스르는, 어긋나는, 불리한"
aesthetic,"Having to do with artistic beauty; artistic 미의, 심미적인"
affable,"Easy to talk to; friendly 상냥한, 사근사근한, 붙임성 있는"
affectation,"Unnatural or artificial behavior, usually intended to impress  애정, 감정; 병, 성질"
affinity,"Sympathy; attraction; kinship; similarity 유사, 친화력, 좋아함"
affluent,"Rich; prosperous 풍부한, 부유한"
agenda,"Program; the things to be done 안건, 의사일정"
Agrarian,"Relating to land; relating to the management or farming of land  토지의, 경작지의, 농업의"
#5,
aggregate,"Sum total; a collection of separate things mixed together  모으다, 집합하다, 총계가 ...이 되다"
agnostic,One who believes that the existence of a god can be neither proven nor disproven 불가지론자
alacrity,"Cheerful eagerness or readiness to respond 민첩, 기민, 경쾌, 소탈함"
allege,"To assert without proof 단언하다; 변명하다, 우겨대다; 진술하다"
alleviate,"To relieve, usually temporarily or incompletely; to make bearable; to lessen 완화하다, 경감하다"
allocate,"To distribute; to assign; to allot 할당하다, 배분하다"
alloy,"A combination of two or more things, usually metals 합금, 혼합물"
#6,
Allusion,"An indirect reference (often to a literary work); a hint 암시, 빗댐, 언급(hint)"
aloof,"Uninvolved; standing off; keeping ones distance 멀리 떨어져서, 초연히; 무관심한, 쌀쌀한, 냉담함"
altruism,Selflessness; generosity; devotion to the interests of others 애타주의 이타주의
ambience,"Atmosphere; mood; feeling 환경, 분위기(mood)"
ambiguous,"Unclear in meaning; confusing; capable of being interpreted in different ways 중의적인, 두 가지 뜻으로 풀이되는; 분명하지 않은"
ambivalent,"Undecided; neutral; wishy-washy 아직 결정되지 않은; 중성의, 중립의; 묽은, 시시한"
#7,
Ameliorate,"To make better or more tolerable 개선하다, 개량하다; 좋아지다"
amenable,"Obedient; willing to give in to the wishes of another; agreeable 순종하는, 기꺼이 따르는; 쉽게 좌우되는"
amenity,"Pleasantness; attractive or comfortable feature 쾌적함, 즐거움, 쾌락; 부드러움"
amiable,"Friendly; agreeable 호감을 주는, 상냥한, 애교 있는"
amnesty,"An official pardon for a group of people who have violated a law or policy 사면, 대사, 특사; 사면하다"
amoral,"Lacking a sense of right and wrong; neither good nor bad, neither moral nor immoral; without moral feelings 초도덕의, 도덕과 관계없는"
amorous,"Feeling loving, especially in a sexual sense; in love relating to love 호색의, 요염한; 반해 있는"
amorphous,"Shapeless; without a regular or stable shape; bloblike  무정형의, 일정한 형태가 없는"
anachronism,"Something out of place in time or history; an incongruity  시대착오, 시대에 뒤떨어진 사람"
analogy,"A comparison of one thing to another; similarity 유사, 유추(similarity)"
#8,
Anarchy,"Absence of government or control; lawlessness; disorder 무정부, 무질서"
anecdote,"A short account of a humorous or revealing incident 일화, 기담; 비화"
anguish,"Agonizing physical or mental pain 고통, 번민, 고뇌; 괴로워하다"
animosity,"Resentment; hostility; ill will 적의, 원한, 악의"
anomaly,"An aberration; an irregularity; a deviation 변칙, 이상; 예외, 이례"
antecedent,"Someone or something that went before; something that provides a model for something that came after it 선행자, 선례; 조상; 앞서는, 전제의"
antipathy,"Firm dislike; a dislike (↔sympathy)반감, 혐오, 불일치; 싫어하는 사람이나 물건"
antithesis,The direct opposite 정반대
apartheid,The abhorrent policy of racial segregation and oppression in the Repubic of South Africa 인종차별
#9,
Apathy,"Lack of interest; lack of feeling 냉담, 무관심"
aphorism,"A brief, often witty saying; a proverb 격언"
apocalypse,"A prophetic revelation, especially one concerning the end of the world  묵시, 요한계시록"
apocryphal,"Of dubious authenticity; fictitious; spurious [저자, 작품 등의]작자나 전거가 의심스러운; [일반적으로] 가짜의"
apotheosis,Elevation to divine status; the perfect example of something 신격화
appease,"To soothe; to pacify by giving in to  진정시키다, 달래다, 유화하다; 갈등을 풀다, 양보하다"
appreciate,"To increase in value 가격이 오르다, 시세가 오르다; 감사(평가)하다"
apprehensive,"Worried; anxious 염려하는, 걱정하는"
#10,
Approbation,"Approval; praise 허가, 인가, 면허"
appropriate,"To take without permission; to set aside for a particular use  적당한, 어울리는, 특정한; 전유하다, 충당하다"
aptitude,"Capacity for learning; natural ability 적성, 소질, 재능; 적절함"
arbiter,"One who decides; a judge 중재인, 조정자; 결정적 요소"
arbitrary,"Random; capricious 임의의, 독단적인(random)"
arcane,"Mysterious; known only to a select few 비밀의, 불가사이의(mysterious)"
archaic,Extremely old; ancient; outdated 고풍의
#11,
Archetype,An original model or pattern     원형
ardent,"Passionate 열 렬한, 열심인, 타는 듯한(↔half-hearted)"
arduous,"Hard; difficult 힘드는, 고난의; 끈기 있는, 노력하는"
aristocratic,Of noble birth; snobbish  귀족의
artful,"Wily; sly 교묘한, 능수 능란한; 인위적인(=crafty)"
artifice,"A clever trick; cunning 고안, 기술, 궁리; 대책, 술책"
ascendancy,"Supremacy; domination 우월, 지배권, 주도권"
ascetic,"Hermitlike; practicing self-denial  금욕주의자, 금욕주의의"
assiduous,"Hardworking; busy; quite diligent 근면한, 꾸준히 힘쓰는, 부지런한"
#12,
assimilate,"To take in; to absorb; to learn thoroughly  동화하는, 동질화하다, 소화하다, 이해하다; 흡수하다"
assuage,"To soothe; to pacify; to ease the pain of; to relieve 진정시키다, 누그러뜨리다"
astute,"Shrewd; keen in judgment 기민한, 빈틈없는; 교활한"
attrition,"Gradual wearing away, weakening, or loss; a natural or expected decrease in numbers of size 마멸, 마찰, 마손, 감소, 축소"
audacity,Boldness; reckless daring; impertinence 대담; 대담한 행위
augment,"To make bigger; to add to; to increase 증가시키다, 늘리다; 늘다, 증대"
auspicious,"Favorable; promising; pointing to a good result 길조의, 경사스런"
austere,"Unadorned; stern; forbidding; without excess 꾸밈이 없는, 간소한, 엄한, 준엄한, 엄격한"
autocratic,"Ruling with absolute authority; extremely bossy 독재적인 꾸밈이 없는, "
#13,
autonomous,"Acting independently 자율의, 자치의, 자주적인"
avarice,"Greed; excessive love of riches 탐욕, 허욕"
avow,"To claim; to declare boldly; to admit 공언하다, 솔직히 인정하다"
avuncular,"Like an uncle, especially a nice uncle 백부(숙부)의; 삼촌"
awry,Off course; twisted to one side 굽어서; 잘못되어; 휘어서; 틀려서
axiom,"Self-evident rule or truth; a widely accepted saying 원리, 이치, 공리, 격언"
#14,
banal,"Unoriginal; ordinary 평범한, 진부한"
bane,"Poison; torment; cause of harm 독, 해악, 파멸의, 원인"
bastion,"Stronghold; fortress; fortified place 요새(본거지), 능보"
beget,"To give birth to; to create; to lead to; to cause 아이를 낳다, 생기게 하다"
belabor,"To go over repeatedly or to an absurd extent  세게 때리다, 공격하다, 호되게 꾸짖다, 욕하다, 조롱하다"
beleaguer,"To surround; to besiege; to harass 에워싸다, 포위하다, 괴롭히다"
belie,"To give a false impression of; to contradict 거짓 전하다, 속이다, 숨기다"
belittle,"To make to seem little; to put someone down  작게 하다, 경시하다, 과소평가하다"
#15,
belligerent,"Combative; quarrelsome; waging war  교전중인, 호전적인, 싸우기 좋아하는; 교전국, 싸움 상대, 적"
bemused,"Confused; bewildered 멍하게 하다, ...의 마음을 사로잡다"
benefactor,"One who provides help, especially in the form of a gift or donation  은인, 후원자, 기부하는 사람"
benevolent,"Generous; kind; doing good deeds 인정이 많은, 자비로운, 선의의, 호전적인"
benign,"Gentle; not harmful; kind; mild 온화한, 친절한, 자비로운, 자상한"
#16,
bequest,"Something left to someone in a will 유산, 유물, 유증"
bereaved,"Deprived or left desolate, especially through death [죽음을 통하여 생명, 희망 등을]빼앗기다, 황량해지다"
beset,"Harass; to surround 에워싸다, 포위하다; 괴롭히다"
blasphemy,"Irreverence; an insult to something held sacred; profanity 신성모독, 불경"
blatant,"Unpleasantly or offensively noisy; glaring  소란스러운, 몹시 떠들썩한, 뻔뻔스러운"
#17,
blight,"Disease in plants; anything that injures or destroys  식물의 고조병, 충해; 악화, 황폐"
blithe,"Carefree; cheerful 즐거운, 명랑한, 경솔한"
bourgeois,"Middle class, usually in a pejorative sense; boringly conventional 중산계급, 자본가, 부르조아; 고상하지 못한, 속물적인"
bovine,"Cow related; cowlike  cf)canine, equine, feline, piscine, porcine, ursine 소의, 소 같은; 둔한, 둔감한"
brevity,"Briefness 간결, 간략, 짧음"
broach,"To open up a subject for discussion, often a delicate subject 끄집어내다, 화제 등을 입밖에 내다"
bucolic,"Charmingly rural; rustic; countrylike 목가적인, 양치기의, 소박한; 목가, 전원시"
bureaucracy,"A system of government administration consisting of numerous bureaus or offices, especially one run according to inflexible and inefficient rules; any large administrative system characterized by inefficiency, lots of rules, and red tape 관료정치(제도, 주의)"
burgeon,"To expand; to flourish 성장하다, 갑자기 커지다"
burlesque,"A ludicrous, mocking, or exaggerated imitation  광시, 해학극, 익살극, 풍자문, 풍자시"
#18,
cacophony,"Harsh-sounding mixture of words, voices, or sounds  불협화음, 불쾌한 음조, 소음"
cadence,"Rhythm, the rise and fall of sounds 운율, 억양, 가락"
cajole,"To persuade someone to do something he or she doesnt want to do 부추기다; 감언이설로 속이다, 꾀다"
callow,"Immature 아직 깃털이 나지 않은, 풋내기의"
candor,"Truthfulness; sincere honesty 정직, 공평무사"
Capitalism,Free enterprise 자본주의
capitulate,"To surrender; to give up or give in 항복하다, 성을 내어 주다"
capricious,"Unpredictable; like to change at any moment  변덕스런, 마음이 변하기 쉬운, 불규칙한"
caricature,"A portrait or description that is purposely distorted or exaggerated, often to prove some point about its subject 만화, 풍자만화, 풍자한 글"
castigate,"To criticize severely; to chastise  가책하다, 혹평하다; 징계하다; 고치다, 첨삭하다"
catalyst,"In chemistry,~; anyone or anything that makes something happen without being directly involved in it 촉매, 촉진제"
#19,
categorical,"Unconditional; absolute 절대적인, 무조건의 단언적인; 범주에 속하는, 분류의"
catharsis,"Purification that brings emotional relief or renewal 정화, 카타르시스"
catholic,"Universal; embracing everything [관심, 흥미, 취미가] 광범위한, 보편적인; 관대한, 마음이 넓은"
caustic,"Like acid; corrosive 부식성의, 신랄한, 통렬한"
celibacy,"Abstinence from sex 독신, 독신생활, 금욕"
censure,"To condemn severely for doing something bad  비난하다, 나무라다, 혹평하다, 견책하다"
cerebral,"Brainy; intellectually refined 대뇌의, 뇌리; 지적인, 지성에 호소하는"
chagrin,"Humiliation; embarrassed disappointment 유감, 원통함, 부함"
charisma,"A magical-seeming ability to attract followers or inspire loyalty  재능, 권능; 권위, 비상한 매력"
#20,
charlatan,"Fraud; quack; con man 지독한 허풍선이, 엉터리의; 돌팔이 의사"
chasm,"A deep, gaping hole; a gorge 깊게 갈라진 틈, 금, 균열; 단절, 결합; 차이, 불화"
chastise,"To inflict punishment on; to discipline 응징하다, 징벌하다; 몹시 비난하다"
chicanery,"Trickery; deceitfulness; artifice; especially legal or political 꾸며댐, 발뺌, 속임수"
chimera,"An illusion; a foolish fancy 망상, 괴물"
choleric,"Hot-tempered; quick to anger 성마른, 화 잘 내는"
chronic,"Constant; lasting a long time; inveterate 만성의 고질적인, 오래 끄는"
chronicle,"A record of events in order of time; a history 연대, 편년사, 기록"
#21,
circuitous,"Roundabout; not following a direct path 우회의, 에두르는, 완곡한"
circumlocution,"An indirect expression; use of wordy or evasive language  완곡한 표현, 넌지시 하는 말, 핑계"
circumscribe,"To draw a line around; to set the limits; to define; to restrict. ..의 둘레에 선을 긋다, 경계선을 긋다; 제한하다, 한계를 정하다; 외접하다"
circumspect,"Cautious 신중한, 용의주도한, 주의 깊은"
circumvent,"To frustrate as though by surrounding  우회하다, 교묘하게 회피하다; 앞지르다, 선수치다; 포위하다"
civil,"Polite; civilized; courteous 시민의, 민간의"
clemency,"Mercy; forgiveness; mildness(기후의) 온화; 관대, 인정많은"
clich  ,"An overused saying or idea 진부한 표현, 상투적인 문구"
clique,"An exclusive group bound together by  some shared quality or interest 도당, 파벌"
#22,
coalesce,"To come together as one; to fuse; to unite 연합하다, 유착하다; 연합시키다"
coerce,"To force someone to do or not to do something 지배하다, 강제하다, 강요하다"
cogent,"Powerfully convincing 유력한, 사람을 수긍시키는"
cognitive,"Dealing with how we know the world around us through our senses; mental 인식의, 인식력이 있는"
cognizant,"Aware; conscious 인식하고 있는, 알고 있는"
coherent,"Holding together; making sense 일관된, 조리가 서는; 응집성의, 밀착한"
colloquial,Conversational; informal in language 구어체
collusion,"Conspiracy; secret cooperation 공모, 결탁"
commensurate,"Equal; proportionate 같은 양의, 같은 시간의; 균형 잡힌"
compelling,"Forceful; causing to yield...하지 않을 수 없는, 강제적인"
compendium,"A summary; an abridgment 개략, 요약, 일람표"
#23,
complacent,"Self-satisfied; overly pleased with oneself; contented to a fault 자기 만족의, 은근한, 마음에 흡족한"
complement,"To complete or fill up; to be the perfect counterpart  보충하여 완전케하다, 보완하다, 보충하다"
complicity,"Participation in wrongdoing; the act of being an accomplice 공모, 연루, 공범"
comprehensive,"Covering or including everything 포괄적인, 넓은; 이해력이 있는, 이해가 빠른"
comprise,"To consist of; to be composed of cf) constitute, compose 포함하다, 품다, 의미하다; 구성되다, 성립되다"
conciliatory,"Making peace; attempting to resolve a dispute through goodwill 타협적인, 융화적인, 회유적인"
concise,"Brief and to the point; succinct 간결한, 간명한"
#24,
concord,"Harmony; agreement 의견의 일치, 화합, 협조; 협정"
concurrent,"Happening at the same time; parallel 동시에 일어나는, 협동의"
condescend,"To stoop to someone elses level, usually in an offensive way; to patronize 겸손하게 굴다, 자신을 낮추다"
condone,"To overlook; to permit to happen 용서하다, 묵과하다"
conducive,"Promoting 도움이 되는, 이바지하는"
confluence,"A flowing together, especially of rivers; place where they begin to flow together 합류, (사람 등의) 집합, 군중"
congenial,"Agreeably suitable; pleasant 같은 성질의, 마음에 맞는, 적합한, 붙임성 있는"
congenital,"A trait or condition acquired between conception and birth; innate 선천적인, 타고난"
#25,
conjecture,"To guess; to deduce or infer on slight evidence  추측하다, 짐작으로 말하다; 억측/판독하다"
conjure,"To summon or bring into being as if by magic 마술로 ...하다, 마음속에 그려내다, (영혼을)불러내다"
connoisseur,"An expert, particularly in matter of art or taste (미술품 등의) 감정가, 가식가"
consecrate,"To make or declare sacred 신성하게 하다, 정화하다, 전념하다, 봉헌하다"
consensus,"Unanimity or general agreement 일치, 여론, 교감"
consonant,"Harmonious; in agreement 조화하는, 일치하는; 협화음의"
#26,
construe,"To interpret 해석하다, 추론하다"
consummate,"Perfect; complete; supremely skillful  완성한, 완성된, 순전한; 터무니없는, 엄청난; 완성하다, 성취하다"
contentious,"Argumentative; quarrelsome 다투기 좋아하는, 논쟁을 불러일으키는; 소송의"
contiguous,"Side by side; adjoining 접촉하는, 인접하는, 근접한"
contingent,"Dependent; possible 불시의, 우연의; ...조건으로 하는, 불확실한, 있을 수 있는"
contrite,"Admitting guilt; especially feeling remorseful 회개한, 회한의"
contrived,"Artificial; labored 고안한, 발명한"
conventional,"common; customary; unexceptional  전통적인, 인습적인; 협정상의; 형식적인, 상투적인"
convivial,"Fond of partying; festive 환락의, 연회의; 명랑한"
copious,"Abundant; plentiful 풍부한, 지식이 풍부한; 대량의"
#27,
corollary,"something that follows; a natural consequence 추론, 당연한 결과"
corroborate,"to confirm; to back up with evidence 확실히 하다, 입증하다; 확인하다"
cosmopolitan,"at home in many places or situations; internationally sophisticated 전 세계적인, 세계주의의, 전세계적으로 분포하는"
countenance,"face; facial expression, especially an encouraging one 용모, 생김새, 안색, 표정; 후원, 지지; 냉정, 침착"
coup,"a brilliant victory or accomplishment; the violent overthrow of a government by a small internal group 쿠데타, 타격; 대성공, 큰 히트"
covenant,"a solemn agreement; a contract; a pledge  계약, 서약, 맹약; 계약의 부대 조항, 날인 증서(계약)"
covert,"secret; hidden 비밀의, 암암리의, 덮여 있는, 사람 눈에 띄지 않는"
covet,"to wish for enviously 탐내다, 선망하다; 갈망하다, 열망하다"
#28,
credulous,"eager to believe; gullible  쉽게 믿는, 겸손하게 믿어 버리는, 속아넘어가기 쉬운"
criterion,"standard;basis for judgment 표준, 기준 규범"
cryptic,"mysterious; mystifying  비밀의, 수수께끼같은, 신비스러운(mysterious); 몸을 숨기기에 알맞은"
culinary,"relating to cooking or the kitchen 요리용의, 주방의"
culminate,"to climax; to reach full effect  정점에 이르다, 자오선상에 이르다, 끝나게 하다"
#29,
culpable,"deserving blame; guilty 비난할 만한, 과실이 있는, 유죄의, 괘씸한"
cursory,"hasty; superficial 엉성한, 피상적인, 대강대강한"
curtail,"to shorten; to cut short 간략하게 하다, 절감하다, ...에게서 일부를 빼앗다"
cynic,"one who deeply distrusts human nature; one who believes humans are motivated only by selfishness 냉소하는 사람, 비고는 사람, 빈정대는 사람"
#30,
daunt,"to make fearful; to intimidate...의 기세를 꺾다, 으르다, 주춤하게 하다"
dearth,"lack; scarcity 부족, 결핍; 기근"
debacle,"violent breakdown; sudden overthrow; overwhelming defeat  강 얼음의 깨짐, 시세의 폭락, 와해, 패주; 대홍수"
debauchery,"wild living; excessive intemperance  방탕, 도락, 주색에 빠짐; 유흥, 야단법석, 난행"
debilitate,to weaken; to cripple 쇠약하게 하다
decadent,"decaying or decayed, especially in terms of morals  쇠퇴기에 접어든, 퇴폐적인"
decimate,to kill or destroy a large part of 많은 사람을 죽이다; 10분의 1을 제거하다
decorous,"proper; in good taste; orderly  예의 바른, 점잖은; 단정한; 기품이 있는, 근엄한"
deduce,"to conclude from evidence; to infer  연역하다, 추론하다; 유래를 찾다, 가계를 더듬다"
defame,"to libel or slander; to ruin the good name of 명예를 훼손하다, 비방하다"
#31,
deference,"submission to anothers will; respect; courtesy 복종, 존경, 경의"
definitive,"conclusive; providing the last word  결정적인, 최후적인; 일정한, 명확한; 한정된"
degenerate ,"to break down; to deteriorate  퇴보하다, 나빠지다; 타락하다; 퇴화하다; 변질하다"
deleterious,"harmful 해로운, 유독한"
delineate,"to describe accurately; to draw in outline 윤곽을 그리다, 묘사하다"
delude,"to deceive 속이다, 속이어 ...시키다; 속여서 믿게 만들다"
deluge,"a flood; an inundation 대홍수, 범람, 호우; (방문객, 편지 등의)쇄도"
demagogue,"a leader of the people, but more a rabble rouser 선동자, 선동 정치가"
denizen,"inhabitant 주민, 거주자; 귀화인, 국적 취득자, 서식 동물"
depravity,"extreme wickedness or corruption 부패, 악행, 비행"
deprecate,"to express disapproval of 비난하다, 반대하다, 불찬성을 주장하다"
deride,"to ridicule; to laugh at contemptuously 조롱하다, 비웃다"
#32,
derogatory,"disapproving; degrading 손상시키는, 가치를 떨어뜨리는; 경멸적인"
desiccate,"to dry out 건조시키다, 말려서 보존하다"
despondent,"extremely depressed; full of despair 낙담한, 기운없는"
despot,"an absolute ruler; an autocrat 독재자, 폭군, 전체군주"
destitute,"extremely poor; utterly lacking 빈곤한, 결핍한"
desultory,"without a plan or purpose; disconnected; random  산만한, 일관성 없는; 탈선적인, 주제를 벗어난"
dialectical,"relating to discussions; relating to the rules and methods of reasoning; approaching truth in the middle of opposing extremes 방언의, 변증법의"
dictum,"an authoritative saying; an adage; a maxim; a proverb  격언, 금언; 공식 견해, 언명"
didactic,"intended to teach; morally instructive; pedantic  가르치기 위한, 교훈적인"
diffident,"timid; lacking in self-confidence 자신 없는, 사양하는; 겂많은, 내성적인, 수줍은"
digress,"to stray from the main subject  본제를 벗어나다, 지엽으로 흐르다, 탈선하다"
dilettante,"someone with superficial knowledge of the arts; an amateur; a dabbler 아마추어 애호가, 어설픈 지식을 가진 사람"
#33,
discern,"to have insight; to see things clearly, to discriminate; to differentiate 분별하다, 식별하다, 인식하다"
discreet,"prudent; judiciously reserved 분별있는, 생각이 깊은"
discrete,"unconnected; separate; distinct  별개의, 구별된, 떨어져 있는, 불연속성의, 개별의"
discriminate,"to notice or point out the difference between two or more things; to discern; to differentiate 구별하다, 판별하다; 차별하다"
disdain,"arrogant scorn; contempt 경멸, 모멸, 오만"
Disinterested,"not taking sides; unbiased  무관심한, 냉담한; 사욕이 없는, 청렴한; 공평무사한"
Disparage,"to belittle; to say uncomplimentary things about, usually in a somewhat indirect way 얕보다, 깔보다; 비방하다, 명예를 해치다"
#34,
Disparate,"different; incompatible; unequal 본질적으로 다른, 공통점이 없는"
Disseminate,"to spread the seeds of something; to scatter; to make widely known 선전하다, 널리 흩뿌리다; 보급하다, 퍼뜨리다"
Dissipate,"to thin out, drift away, or dissolve; to cause to thin out, drift away, or dissolve; to waste or squander  흩뜨리다, 방산하다, 낭비하다, 일소하다"
Dissolution,the breaking up or dissolving of something into parts; disintegration
Distend,"용해, 분해; 해산, 소멸, 사멸 to swell; to extend a great deal 부풀리다, 팽창시키다; 과장시키다"
Distinguish,"to tell apart; to cause to stand out  구별하다, 분별하다; 눈에 띄게 하다"
Docile,"easily taught; obedient; easy to handle  유순한, 온순한, 착한; 가르치기 쉬운, 다루기 쉬운"
Doctrinaire,"inflexibly committed to a doctrine or theory without regard to its practicality; dogmatic 공론적인, 교조주의의"
Dogmatic,"arrogantly assertive of unproven ideas; stubbornly claiming that something (often a system of beliefs) is beyond dispute 독단적인, 고압적인; 교의의, 교리의"
Domestic,"having to do with the household or family; not foreign  가정의, 집의; 국내의, 자국의; 국산의; 길들여진"
#35,
dormant,"A  inactive; as though asleep; asleep 잠자는, 동면의, 잠복의, 휴지한, 놀고있는 ~volcano, ~window"
dubious,"A  full of doubt; uncertain 의심스러운, 수상한, 미결정의, 모호한 가치, 진실성이 불확실한, a ~ friend, be ~ about  cf) dubitable"
duplicity,"N  the act of being two-faced; double-dealing; deception 표리부동, 불성실, 사기, 이중, 중복 cf) duplication 복제, duplicate a복사의 n사본 v"
#36,
ebullient,"A  boiling; bubbling with excitement; exuberant;  비등하는, 원기왕성한, 열광한 n ebullience,-cy  n ebullition 비등, 감정의 격발, 전쟁의 돌발"
eccentric,"A  not conventional; a little kooky; irregular  보통과 다른, 괴상한; 편심의; (기계)편심률  N 괴짜, 기인; 이심원; (천문) 이심권"
eclectic,"A  choosing the best from many sources; drawn from many sources  취사선택하는, 절충하는 n 절충주의자  cf) eclecticism 절충학파 "
edify,"Vt  to enlighten; to instruct, especially in moral or religious matters 교화(훈도)하다;  cf)edifying 교훈이 되는, 유익한 "
efface,"Vt  to erase; to rub away the features of 지우다, 말살하다, eclipse Cf ) effaceable, effacement"
effusion,"N  a pouring forth 유출(물), 스며나옴, 심정의 토로, 토로한 말(시문) Effuse v 발산(유출)하다  Effusive a 과장된, 쏟아져나오는, 넘치는"
egalitarian,A  believing in the social and economic equality of all people 평등주의의 / N 평등주의자
egocentric,"A  selfish; believing that one is the center of everything 자기중심의, 이기주의적인, n 이기주의자 egoism 이기주의 egoistic, -tical 이기적인"
egregious,"A  extremely bad; flagrant 엄청난, 터무니없는, 엉터리없는 (옛) 뛰어난 "
#37,
elicit,"Vt  to bring out; to call forth 이끌어내다, 유도해내다, ~a laugh from,  ~a reply  elicitation n"
elliptical,Adj  oval; missing a word or words; obscure 타원의 (문법) 생략의  Ellipsis (문법) 생략   ellipsoid (수학) 타원
elusive,"Adj  hard to pin down; evasive 교묘히 빠지는, 도피하는, 잘 잊는, 알 수 없는 elude V  elusion 속임수, 회피, 핑계, 발뺌 "
emigrate,"V  to move to a new country; to move a new place to live; to expatriate 타국으로 이주하다   emigrant a 이민의, n 이민, 이주민 opps immigrate"
empirical,"Adj  relying on experience or observation; not merely theoretical 경험의, 경험적인, 실험 관찰에 의한; 돌팔이 의사같은  ~philosophy 경험철학 Empiricism 경험주의 (철) 경험론"
#38,
emulate,"Vt  to strive to equal or excel, usually through imitation 우열을 다투다, 겨루다, 열심히 흉내내다, 에 필적하다 emulator 경쟁자, emulation 경쟁 emulous 경쟁적인  be emulous of 을 열심히 모방하다"
encroach,"Vi  to make gradual or stealthy inroads into; to trespass  침입하다, 잠식하다(on, upon) 침식하다, 빼앗다 "
endemic,"A  native; restricted to a particular region or era; indigenous  한 지방의 고유한, 풍토의, 풍토병의 n 풍토병  endemicity 풍토성"
enervate,"V  to reduce the strength or energy of, especially to do so gradually  원기를 빼앗다, 쇠약하게 하다 a 기운없는, 힘없는 박력없는 "
enfranchise,"V  to grant the privileges of citizenship, especially the right to vote  선거권을 주다; 도시에 자치권을 주다; 해방하다 ment 공민권의 부여"
engender,"V  to bring into existence; to create; to cause 발생시키다, 일으키다 produce; 일어나다; 아버지 자식을 얻다 ment 초래, 야기"
enigma,"N  a mystery 수수께끼(riddle), 수수께끼 인물 "
enormity,"N  extreme evil; a hideous offense; immensity 무도, 극악, 흉행, 범죄행위  "
ephemeral,"A  lasting a very short time 하루밖에 안가는, 단명한, 덧없는 "
#39,
epigram,"N  a brief and usually witty or satirical saying  경구, 풍자시"
epitome,"N  a brief summary that captures the meaning of the whole; the perfect example of something; a paradigm 개요, 요약, 축도, 줄거리; 발췌"
equanimity,"N  composure; calm  냉정, 침착"
equitable,"Adj  fair  공정한, 공평한, 이치에 닿는"
equivocal,"Adj  ambiguous; intentionally confusing; capable of being interpreted in more than one way 모호한, 의심스런, 분명하지 않은"
erudite,"Adj  scholarly; deeply learned  박식한, 유식한; 서적 등의 학문적인"
#40,
esoteric,"Adj  hard to understand; understood by only a select few; peculiar 심원한, 난해한, 비법의, 비밀의"
espouse,"V  to support; to advocate  지지하다, 옹호하다"
ethereal,"Adj  heavenly, as light and insubstantial as a gas or ether 천상의(heavenly), 공기같은, 가벼운"
euphemism,N  a pleasant or inoffensive expression used in place of an unpleasant or offensive one  완곡어법
evanescent,"Adj  fleeting; vanishing; happening for only the briefest period 차츰 사라지는, 덧없는"
exacerbate,"V  to make worse 병 등을 악화시키다, 더하게 하다; 신경질나게 하다"
exacting,"Adj  extremely demanding; difficult; requiring great skill or care 엄한,가혹한,착취적인,힘든"
exalt,"V  to raise high; to glorify  높이다, 승진시키다, 칭찬하다, 강렬하게 하다"
exasperate,"V  to annoy thoroughly; to make very angry; to try the patience of 노하게 하다, 분개시키다, 약화시키다, 더하게 하다"
exemplify,"V  to illustrate by example; to serve as a good example 예증하다, ...의 모범이 되다"
exhaustive,"Adj  thorough; rigorous; complete; painstaking  전부를 다하는, 철저한, 포괄적인, 소모적인, 고갈시키는"
exhort,"V  to urge strongly; to give a serious warning to 간곡히 타이르다, 권하다, 훈계하다"
#41,
exigency,"N  an emergency; an urgency 위급, 긴급한 상태"
existential,"Adj  having to do with existence; having to do with the body of thought called existentialism, which basically holds that human beings are responsible for their own actions but is otherwise too complicated to summarize in a single sentence 존재에 관한, 실존의, 실존주의의"
exonerate,"V  to free completely from blame; to exculpate 용서하다, 구하다, 무죄로 하다"
expatriate,"V  to throw (someone) out of his or her native land; to move away from ones native land; to emigrate 국외로 추방하다, 조국을 버리다"
expedient,"Adj  providing an immediate advantage; serving ones immediate self-interest; practical 편리한, 유리한, 임시 방편의"
expedite,"V  to speed up or ease the progress of 재촉하다, 촉진하다; 군대 등을 파견하다, 공문 등을 급송하다"
explicit,"Adj  clearly and directly expressed  명백한, 뚜렷한; 노골적인, 솔직한, 터놓은"
extol,"V  to praise highly; to laud  칭찬하다, 극찬하다"
extraneous,"Adj  unnecessary; irrelevant; extra 불필요한; 부적절한; 밖의, 외부로부터의; 본질에서 벗어난"
extrapolate,"V  to protect or deduce from something known; to infer 통계에서 외삽법에 의해 추정하다, 외삽법을 행하다; 추론하다"
extricate,"V  to free from difficulty  구출하다, 탈출하다, 유리시키다"
extrovert,"N  an open, outgoing person; a person whose attention is focused on others rather than on himself or herself 외향적인 사람"
exult,"V  to rejoice; to celebrate  크게 기뻐하다, 기뻐 날뛰다, 의기 양양히 하다, ...에게 승리하다"
#42,
fabrication,"N  a lie; something made up  꾸밈, 날조; 제작; 조립, 조립부품"
facetious,"Adj  humorous; not serious; clumsily humorous 익살맞은, 우스꽝스러운"
facile,"Adj  fluent; skillful in a superficial way; easy 손쉬운, 용이한, 간편한; 경쾌한, 씩씩한; 솜씨좋은, 피상적인"
faction,"N  a group, usually a small part of a larger group, united around some cause; disagreement within an organization 도당, 파벌 싸움, 당파성"
farcical,"Adj  absurd; ludicrous  익살극의, 익살맞은, 바보스런"
fastidious,"Adj  meticulous; demanding; finicky  까다로운, 세심한 주의가 필요한"
fatalist,N  someone who believes that future events are already determined and that humans are powerless to change them  운명론가
fatuous,"Adj  foolish; silly; idiotic 바보의, 얼빠진; 실체가 없는, 공허한"
fauna,"N  animals  cf) flora 동물군, 동물의(animal)"
fecund,"Adj  fertile; productive 다산의, 상상력이 풍부한, (토지가) 기름진"
#43,
felicity,"N  happiness; skillfulness, especially at expressing things; adeptness 지복, 더 없는 행복, 교묘함, 멋들어진 표현, 경사"
fervor,"N  great warmth or earnestness; ardor; zeal 열정, 백열, 염열(ardor)"
fetter,"V  to restrain; to hamper  속박하다, 족쇄를 채우다"
fidelity,"N  faithfulness; loyalty  충실, 정절, 신빙성"
figurative,"Adj  based on figures of speech; expressing something in terms usually for something else; metaphorical 비유적인, 수식이 많은; 상징적인; 조형적인, 구상적인"
finesse,"N  skillful maneuvering; subtlety; craftiness  솜씨, 교묘한 기교, 술책, 책략, 예리함"
flagrant,"Adj  glaringly bad; notorious; scandalous 악명 높은, 극악스런, 명백한"
flaunt,"V  show off; to display ostentatiously  자랑하다, 과시하다; 우롱하다; 허영을 부리다"
flout,"V  to disregard something out of disrespect 비웃다, 조롱하다"
foible,"N  a minor character flaw 약점, 결점; 자만하고 있는 점; 칼이 휘는 부분(칼의 가운데서 칼 끝까지)"
foment,"V  to stir up; to instigate  찜질하다, 조장하다, 선동하다"
#44,
forbear,"v  to refrain from ; to abstain 억제하다, 참다, 아끼다; 삼가다, 몸을 사리다"
forgo,"v  to do without ; to forbear 보류하다, ...없이 지내다, 무시하다"
forsake,"v  to abandon ; to renounce ; to relinquish 버리다, 버리고 돌보지 않다"
fortuitous,a  accidental ; occurring by chance 우연의 행운의
founder,"v  to fail ; to collapse ; to sink  배가 침몰하다, 좌절하다, 실패하다, 침수시키다"
fraternal,"a  like brothers 형제의, 우애의"
frenetic,"a  frantic ;  frenzied 발광한, 열광적인"
frugal,"a  economical ; penny-pinching  검약한, 검소한; 비용이 들지 않는, 간소한"
furtive,"a  secretive ; sly  은밀한, 교활한, 수상쩍은"
#45,
futile,"a  useless ; hopeless  쓸데없는, 효과 없는; 알맹이 없는, 시시한"
garrulous,"a  talkative; chatty  수다스러운, 장황한, 졸졸한 소리를 내는, 시끄럽게 지저귀는"
genre,"n  a type or category, especially of art or writing 장르, 유형, 약식; 풍속화"
genteel,"a  refined ; polite ; aristocratic ; affecting refinement 품위 있는, 우아한; 유행을 쫓는; 집안이 좋은"
gesticulate,"v  to make gestures, especially when speaking or in place of speaking 손짓으로 의사소통하다, 손짓을 통해 의사소통을 하다"
glut,"n  surplus ; an overabundance 너무 많은, 차고 넘침, 포만, 과식"
grandiloquent,"a  pompous ; using a lot of big, fancy words in an attempt to sound impressive 호언 장담하는, 과장하는"
grandiose,"a  absurdly exaggerated  웅장한, 장엄한, 젠체하는 거드름 피우는"
gratuitous,"a  given freely (said of something bad) ; unjustified ; unprovoked ; uncalled for  무료의, 무보수의; 이유없는, 불필요한"
gravity,"n  seriousness  진지함, 위엄, 장중함; 중대함; 중력"
gregarious,"a  sociable ; enjoying the company of others 군거하는, 군립성의; 사교적인; 무리의, 군집의"
guile,"n  cunning ; duplicity ; artfulness 교활, 음흉한 꾀, 배반심, 책략"
#46,
hackneyed,"a  overused ; trite ; stale  낡아빠진, 진부한"
hapless,"a  unlucky 운이 나쁜, 불행한(unlucky) "
harbinger,"n  a forerunner ; a signal of 선구자, 전조; 선구가 되다"
hedonism,n  the pursuit of pleasure as a way of life  쾌락주의
hegemony,"n  leadership, especially of one nation over another 패권 주도권"
heresy,"n  any belief that is strongly opposed to established beliefs 이단, 이교"
hermetic,"a  impervious to external influence ; airtight  밀봉한, 밀폐한, 연금술의, 신비한, 연금술사"
heyday,n  golden age ; prime 전성기(prime)
hiatus,"n  a break or interruption, often from work 틈, 갈라진 틈; 탈락"
hierarchy,"n  an organization based on rank or degree ; pecking order 성직자 계급제도, 성직자 정치; 분류 체계, 계층"
histrionic,"a  overly dramatic ; theatrical  연극의, 연극 배우의; 배우, 연극"
homily,"n  a sermon 훈계, 설교"
homogeneous,"a  uniform ; made entirely of one thing  동질의, 같은 종류의(uniform)"
husbandry,"n  thrifty management of resources ; livestock farming  농업, 절약"
hyperbole,"n  an exaggeration used as a figure of speech ; exaggeration 과장법; 과장, 과대, 과장된 표현(exaggeration)"
hypothetical,"a  uncertain ; unproven  가설의, 가정적인"
#47,
iconoclast,"n  one who attacks popular beliefs or institutions 우상타파주의자, 구습 타파주의자"
ideology,"n  a system of social or political ideas 관념론, 이데올로기, 관념형태"
idiosyncrasy,"n  a peculiarity ; an eccentricity 특질, 개성, 특이성, 특유의 표현법, 특이체질"
idyllic,"a  charming in a rustic way ; naturally peaceful  전원시의, 목가적인, 한가로운"
ignominy,"n  deep disgrace  모욕, 불명예, 수치스러운 행위, 추행"
illicit,"a  illegal ; not permitted 불법의, 불의의, 불륜의"
imminent,"a  just about to happen 절박한, 촉박한, 긴급한"
immutable,"a  unchangeable 불변의, 변경되지 않는"
impartial,"a  fair ; not favoring one side or the other ; unbiased 공평한, 치우치지 않은"
impeccable,"a  flawless ; entirely without sin  결함 없는, 죄가 없는, 비난의 여지가 없는"
Imperial`,"a  like an emperor or an empire 제국의, 황제의, 황실의, 장엄한; 거만한, 건방진; 우수한"
#48,
impervious,"a  not allowing anything to pass through ; impenetrable 물이나 공기, 혹은 광선 따위가 통과하지 않는; 무감각한, 둔감한"
impetuous,"a  impulsive ; extremely impatient 격렬한, 맹렬한; 성급한"
implement,"v  to carry out  약속 따위를 이행하다(to carry out), 도구를 주다, 필요한 권한을 주다"
impotent,"a  powerless ; helpless ; unable to perform sexual intercourse 무기력한, 허약한"
impugn ,"v  to attack, especially to attack the truth or integrity of something 비난하다, 공격하다"
inane,"a  silly ; senseless  공허한, 어리석은, 텅빈"
inaugurate,"v  to begin officially ; to induct  formally into office 취임식을 거행하다, 취임시키다; 새로운 시대를 열다"
#49,
incandescent,"a  brilliant ; giving off heat or light 백열의, 빛나는, 벽열광을 내는"
incantation,"n  a chant ; the repetition  of statements or phrases in a way reminiscent of a chant  자주 반복하는 문구(슬로건)(chant); 주문; 주문을 욈, 마술"
incense,a  make very angry 몹시 화나게 하다
incessant,"a  unceasing  끊임없는, 간단없는"
incipient,"a  beginning ; emerging  처음의, 발단의"
incisive,"a  cutting right to the heart of the matter  날카로운, 가시 돋친, 예리한, 신랄한"
incongruous,"a  not harmonious ; not consistent ; not appropriate  not fitting in 어울리지 않는, 부조화의"
incorrigible,"a  incapable of being reformed  선도할 수 없는, 어쩔 수 없는, 제멋대로의, 뿌리깊은"
increment ,"n  an increase ; one in a series of increases 증가, 증진, 이자, 이득"
indifferent,"a  not caring one way or the other ; apathetic ; mediocre 무관심한, 아랑곳하지 않는; 대수롭지 않은, 관계없는; 평범한, 공평한"
#50,
indigenous,"a  native ; originating in that area 토착의, 국산의, 타고난"
indigent,"a  poor  가난한, 빈곤한"
indignant,"a  angry, especially as a result of something unjust or unworthy ; insulted 화난, 분개한, 성난"
indolent,"a  lazy 게으른, 나태한; 통증이 없는"
indulgent,"lenient ; yielding to desire 멋대로 하게 하는 관대한, 엄하지 않은"
ineffable,"a  incapable of being expressed or described 말로 표현할 수 없는, 이루 말할 수 없는, 말하기에도 너무 신성한"
inept,"a  clumsy ; incompetent ; gauche 부적당한, 바보 같은, 어리석은"
inert,"a  inactive ; sluggish ; not reacting chemically 활발하지 못한, 생기가 없는, 둔한; 활성이 없는"
inexorable,"a  relentless ; inevitable ; unavoidable 용서없는, 무정한, 냉혹한"
infamous,"a  shamefully wicked ; having an extremely bad reputation ; disgraceful 수치스러운, 파렴치한, 악명 높은; 지독한; 형편없는"
infatuated,"a  foolish ; foolishly passionate or attracted ; made foolish ; foolishly in love 얼빠진, 열중한, 현혹한"
#51,
infer,"v  to conclude ; to deduce 추리하다, 나타내다, 암시하다"
infinitesimal,"a  very, very, very small ; infinitely small 극히 작은, 무한소의; 극소량"
ingenuous,"a  frank ; without deception ; simple ; artless ; charmingly na  ve 솔직한, 꾸밈없는; 순진한"
inherent,"a  part of the essential nature of something ; intrinsic 천부의, 고유의, 타고난"
injunction,"n  a command or order, especially a court order 명령, 훈령, 지령, 금지 명령"
innate,"a  existing since birth ; inborn ; inherent 타고난, 천성적인"
innocuous,"a  harmless ; banal 해가 없는, 독이 없는"
inordinate,"a  excessive ; unreasonable  지나친, 과도한; 무절제한, 불규칙한, 난폭한"
insatiable,"a  hard or impossible to satisfy ; greedy ; avaricious 만족할 줄 모르는, 탐욕스러운"
#52,
insidious,"a  treacherous ; sneaky  교활한, 방심할 수 없는; 잠행성의"
insinuate,"v  to hint ; to creep in 넌지시 비치다, 빗대어 말하다(hind)"
insipid,"a  dull ; bland ; banal 김빠진, 싱거운, 활기 없는 무미건조한"
insolent,"a  arrogant ; insulting  거만한, 오만한, 거드럭거리는"
instigate,"v  to provoke ; to stir up  총돌질하다, 선동하다, 부추기다"
insular,"a  like an island ; isolated  섬의, 섬나라 근성의, 편협한"
insurgent,"n  a rebel ; someone who revolts against a government 반란자, 모반자, 폭도, 반정부 운동가"
integral,"a  essential  완전한, 완전한 것을 이루는데 필수적인"
intractable,"a  uncontrollable ; stubborn ; disobedient  다루기 힘든, 억척스러운, 고집센"
intransigent,a  uncompromising ; stubborn 정치상 비타협적인
#53,
Intrinsic,"a  part of the essential nature of something ; inherent  본질적인, 고유의"
Introspective,"a  tending to think about oneself ; examining ones feelings 자기 반성의, 내성적인"
Inundate,"v  to flood ; to cover completely with water ; to overwhelm 범람시키다, 침수시키다, 밀어닥치다, 쇄도하다"
Invective,"n  insulting or abusive speech 욕설, 악담, 비난"
Inveterate,"a  habitual ; firm in habit ; deeply rooted 뿌리깊은, 상습적인, 만성의"
Irascible,"a  easily angered or provoked ; irritable 성급한, 성을 잘 내는"
Ironic,"a  meaning the opposite of what you seem to say ; using words to mean something other than what they seem to mean 비꼬는, 풍자적인, 반어적인"
Irrevocable,"a  irreversible  취소할 수 없는, 되부를 수 없는"
Itinerant,"a  moving from place to place   순회하는, 순방하는, 편력중인, 지방 순회의"
#54,
Judicious,"a  exercising sound judgment   분별이 있는, 사리 분별력이 있는, 현명한"
Juxtapose,"v  to place side by side  병렬하다, 나란히 놓다"
Kinetic,"a  having to do with motion ; lively ; active  운동의, 운동에 의해 생기는; 활동적인, 정력적인"
Labyrinth,"n  a maze ; something like a maze  미궁(maze), 미로, 뒤얽힌 사건"
Laconic,"a  using few words, especially to the point of seeming rude 간결한, 말수 적은 "
Lament,"v  to mourn 슬퍼하다, 애도하다, 한탄하다"
Lampoon,"v  to satirize ; to mock ; to parody  풍자하다, 비아냥거리다"
Languish,"v  to become weak, listless, or depressed 약해지다, 나른해지다, 쇠해지다; 동경하다; 괴로워하다; 고달픈 생활을 하다"
Largess,"n  generous giving of gifts (or the gifts themselves) ; generosity ; philanthropy 증여, (아낌없이 주는) 선물"
Latent,"a  present but not visible or apparent ; potential  숨어 잇는, 잠복기의; 잠재적인, 잠재성의"
Laud,"v  to praise ; to applaud ; to extol ; to celebrate 찬양하다, 기리다"
Legacy,n  something handed down from the past ; a bequest 유산
Lethargy,"n  sluggishness ; laziness ; drowsiness ; indifference 혼수상태; 무감각, 무기력, 활발치 못함"
Levity,"n  lightness ; frivolity  ; unseriousness 경솔, 경솔한 행위, 경거망동"
#55,
Libel,"n  a written or published falsehood that injures the reputation of, or defames, someone 명예 훼손, 중상; 모욕이 되는 것"
Litigate,v  to try in court ; to engage in legal proceedings 소송하다; 제소/논쟁하다; 법정에서 다투다
Loquacious,"a  talking a lot or too much  말 많은, 시끄럽게 지저귀는, 시냇물이 졸졸 소리를 내는"
Lucid,"a  clear ; easy to understand 맑은, 투명한; 명료한; 빛나는; 명석한"
Lugubrious,a  exaggeratedly mournful 슬퍼하는; 가련한; 애처로운
Luminous,"a  giving off light ; glowing ; bright 빛을내는, 명료한, 이해가 쉬운; 밝은, 총명한"
#56,
Machination,"n  scheming activity for an evil purpose 음모, 책모"
Magnanimous,"a  forgiving ; unresentful ; noble in spirit ; generous 관대한, 아량이 있는, 도량이 큰"
Magnate,"n  a rich, powerful, or very successful businessperson 고관, 부호; 거물, 유력자"
Malaise,"n  a feeling of depression, uneasiness, or queasiness 기분이 언짢은, 불쾌"
Malfeasance,"n  an illegal act, especially by a public official 부정행위"
Malinger,v  to pretend to be sick to avoid doing work 꾀병을 부리다
Malleable,"a  easy to shape or bend  펴 늘일 수 있는, 유순한, 온순한, 가르치기 쉬운"
Mandate,"n  a command or authorization to do something ; the will of the voters as expressed by the results of an election 명령, 지령; 통치, 위임, 직무집행 영장"
Manifest,"a  visible ; evident 명백한, 분명한"
Manifesto,"n  a public declaration of beliefs or principles, usually political ones 성명서, 선언서"
Marshal,"v  to arrange in order ; to gather together for the purpose of doing something 정렬시키다, 정돈시키다; 연방 보안관"
Martial,"a  warlike ; having to do with combat 전쟁의, 군사의; 군인다운; 호전적인, 용감한"
Martyr,"n  someone who gives up his or her life in pursuit of a cause, especially a religious one ; one who suffers for a cause ; one who makes a show of suffering in order to arouse sympathy 순교자, 희생자; 박해하다, 괴롭히다"
Matriculate,"v  to enroll, especially at a college 입학을 허가하다, 입학하다"
#57,
Maudlin,"a  silly and overly sentimental 눈물 잘 흘리는, 감상적인, 만취한"
Maverick,"n  a nonconformist ; a rebel 독불장군, 비순종주의자, 무소속 정치가, 고삐 풀린 망아지"
Maxim ,"n  a fundamental principle ; an old saying 격언, 좌우명, 격률"
Mediate,"v  to help settle differences 중재하다, 조정하다"
Mellifluous,"a  sweetly flowing 감미로운, 유창한"
Mendacious,"a  lying ; dishonest 허위의, 거짓말 잘하는"
Mendicant,n  a beggar 거지(beggar)
Mentor,"n  a teacher, tutor, counselor, or coach ; especially in business, an experienced person who shows an inexperienced person the ropes 현명하고 성실한 조언자(teacher, tutor)"
Mercenary,"n  a hired soldier ; someone who will do anything for money 용병, 고용된 사람"
Mercurial,"a  emotionally unpredictable ; rapidly changing in mood 민활한, 변덕스러운; 명랑한, 쾌활한; 수은의"
Metamorphosis,"n  a magical change in form ; a striking or sudden change 형태의 변호, 변태, 변성, 변질"
#58,
Microcosm,"n  the world in miniature 소우주, 인간사회"
Milieu,"n  environment ; surroundings 주위, 환경"
Minuscule,a  very tiny 매우 작은 
Misanthropic,"a  hating mankind 염세적인, 인간혐오의"
Mitigate,"v  to moderate the effect of something  누그러뜨리다, 달래다, 완화하다; 경감하다"
Mollify,"v  to soften ; to soothe ; to pacify  완화하다, 경감하다, 진정시키다, 달래다"
Monolithic,"a  massive, solid, uniform, and unyielding  단일적인, 획일적인; 완전히 통제된"
Moribund,"a  dying 죽어가는, 소멸해 가는"
Morose,"a  gloomy ; sullen  침울한(gloomy, sullen), 뿌루퉁한, 뚱한, 기분이 언짢은"
Mortify ,"a  to humiliate 억제하다, 극복하다, 굴욕감을 주다, 분하게 하다"
Mundane,"a  ordinary ; pretty boring ; not heavenly and eternal 세속의, 현세의, 이승의"
Munificent,"a  very generous ; lavish 인색하지 않은, 아낌없이 주는(lavish), 대범한"
Myopia,a  nearsightedness ; lack of foresight 근시안; 선견지명이 부족한
Myriad,n  a huge number 무수한; 무수한 사람
#59,
Narcissism,n  excessive love of ones body or oneself 자기도취
Nebulous,"a  vague ; hazy ; indistinct 성운의, 흐린, 불투명한; 애매한, 막연한"
Nefarious,"a  evil ; flagrantly wicked 못된, 악당의, 불법적인"
Neologism,"n  a new word or phrase ; a new usage of a word  신어(new word), 신어 사용"
Nepotism,"n  showing favoritism to friends of family in business or politics 관직 임용의 친척, 친구 편중"
Nihilism,"n  the belief that there are no values or morals in the universe 허무주의, 무정부주의"
Nominal,"a  in name only ; insignificant ; A-OK (during rocket launches) 이름의, 이름을 나타내는, 이름뿐인; 액면의"
Nostalgia,n  sentimental longing for the past ; homesickness 향수; 과거의 동경(homesickness)
Notorious,"a  famous for something bad 소문난, 이름난, 악명 높은"
Novel ,"a  new ; original 신기한, 희한한; 새로운, 참신한"
Noxious,"a  harmful ; offensive 유해한, 해로운; 불건전한, 정신적으로 유해한"
Nuance,"n  a subtle difference or distinction  색조, 음영, 농담; 말뜻의 미묘한 차이"
#60,
Obdurate,"a  stubborn and insensitive 고집센, 완고한, 냉혹한"
Obfuscate,"v  to darken ; to confuse ; to make confusing 마음을 어둡게 하다, 어지럽게 하다; 당황하게 하다, 난처하게 하다"
Oblique,"a  indirect ; at an angle 비스듬한, 기울어진, 사선의; 굽은, 완곡한"
Oblivion,"n  total forgetfulness ; the state of being forgotten 망각, 건망; 대사면"
Obscure,"a  unknown ; hard to understand ; dark  분명치 않은, 모호한; 눈에 띄지 않는, 컴컴한, 흐린"
Obsequious,"a  fawning ; subservient ; sucking up to 아첨하는, 알랑거리는"
Obtuse,"a  insensitive ; blockheaded 무딘, 둔한, 머리가 우둔한"
Officious,"a  annoyingly eager to help or advise 참견하기 좋아하는, 부질없이 참견하는, 비공식의"
Onerous,"a  burdensome ; oppressive 성가신, 귀찮은"
Opaque,"a  impossible to see through ; impossible to understand 불투명한, 불분명한; 우둔한, 부전도성의"
Opulent,"a  luxurious 부유한, 풍부한"
Orthodox,"a  conventional ; adhering to established principles or doctrines, especially in religion ; by the book  전통의, 정통파의, 승인된; 전통적인, 인습적인"
Ostensible,"a  apparent (but misleading) ; professed 외면상의, 겉치레의"
Ostentatious,"a  excessively conspicuous ; showing off 자랑삼아 드러내는, 겉보기를 꾸미는; 허식적인, 화려한"
Pacify,"v  to calm someone down ; to placate 달래다, 만족시키다, 진정시키다"
#61,
painstaking,"a  extremely careful ; taking pains  수고를 아끼지 않는, 근면한(=pains-taking = taking pains)"
palliate,"v  to relieve or alleviate something without getting rid of the problem ; to assuage ; to mitigate  임시적으로 완화시키다, 꾸며서 말하다, 변명하다; 변형하다"
palpable,"a  capable of being touched ; obvious ; tangible 만질 수 있는, 뚜렷한, 분명한"
paltry,"a  insignificant ; worthless 하찮은, 시시한, 무가치한, 얼마 안되는"
panacea,n  something that cures everything 만병 통치약
paradigm,"n  a model or example 모범, 보기; 어형 변화표"
paradox,"n  a true statement or phenomenon that nonetheless seems to contradict itself ; an untrue statement or phenomenon that nonetheless seems logical 역설, 모순"
parochial,"a  narrow or confined in point of view ; provincial  편협한; 교구의, 지방의"
parody,"n  a satirical imitation 풍자 섞인 개작 시문, 서투른 모방"
parsimonious,a  stingy 인색한(=stingy) 
partisan,"n  one who supports a particular person, cause, or idea 도당, 일당, 한 동아리"
#62,
patent,"a  obvious 명백한, 분명한(=obvious)"
paternal,"a  fatherly ; fatherlike 아버지의, 세습의"
pathology,n  the science of diseases 병리학
patriarch,"n  the male head of a family or tribe  가족, 족장; 원로, 장로; 로마 교황"
patrician,"n  a person of noble birth ; an aristocrat 귀족, 문벌가; 고대 로마 귀족"
patronize,"v  to treat as an inferior ; to condescend to  보호하다, 후원하다; 찬조하다"
paucity,"n  scarcity 결핍, 부족(=scarcity), 소량, 소수"
peccadillo,"n  a minor offense 과오, 조그만 결점"
pedantic,"a  boringly scholarly or academic 현학적인, 학자인 체하는"
pedestrian,"a  unimaginative ; banal  상상력이 없는(unimaginative), 평범한, 진부한(banal)"
pejorative,"a  negative ; disparaging 가치를 떨어뜨리는(negative), 비난하는(disparaging)"
penchant,"n  a strong taste or liking for something ; a predilection  기호, 경향, 취미"
penitent,"a  sorry ; repentant ; contrite 후회하는 참회하는, 죄를 뉘우치는(sorry, repentant, contrite)"
pensive,"a  thoughtful and sad 생각에 잠긴, 애수를 띤"
#63,
peremptory,"a  final ; categorical ; dictatorial 단호한, 강압적인; 엄연한, 거만한; 독단적인, 단정적인(categorical)"
perennial,"a  continual ; happening again and again or year after year 다년생의, 여러해 계속하는(continual)"
perfidy,"n  treachery 불성실, 배반(treachery)"
perfunctory,"a  unenthusiastic ; careless  형식적인(careless;무관심한), 겉치레의(unenthusiastic)"
peripatetic,"a  wandering ; traveling continually ; itinerant 순회하는(itinerant), 걸어다니는(wandering)"
periphery,"n  the outside edge of something 주의, 주변; 표면, 외면"
perjury,"n  lying under oath 위증, 거짓 맹세, 파약"
permeate,"v  to spread or seep through ; to penetrate  스며들다, 침투하다, 퍼지다"
pernicious,"a  deadly ; extremely evil 유해한; 파멸적인, 치명적인(deadly)"
perquisite,"n  a privilege that goes along with a job ; a perk 부수입, 팁(=perk)"
pertinent ,"a  relevant ; dealing with the matter at hand 적당한, 적절한, ...에 과한, 관련된(relevant)"
perturb,"v  to disturb greatly  교란하다, 혼란시키다"
peruse,"v  to read carefully 정독하다, 숙독하다"
#64,
pervade,"v  to spread throughout 널리 퍼지다, 보급하다, 스며들다, 고루 미치다"
petulant,"a  rude ; cranky ; ill-tempered  잘 토라지는, 화를 잘 내는, 까다로운(cranky, rude)"
philanthropy,"n  love of mankind, especially by doing good deeds  박애, 자선; 자선 활동, 자선 사업"
philistine,"n  a smugly ignorant person with no appreciation of intellectual or artistic matters 속물, 교양 없는 사람"
plous,"a  reverent or devout ; outwardly (and sometimes falsely) reverent or devout ; hypocritical  신앙심이 깊은, 경건한; 종교적인; 위선적인, 종교를 구실로 삼는"
pivotal,"a  crucial 축의, 중추적인, 중요한(crucial)"
placate,"v  to pacify ; to appease ; to soothe  회유하다, 달래다, 위로하다; 가라앉히다, 삭이다"
plaintive,"a  expressing sadness or sorrow 슬픈 듯한, 구슬픈, 불쌍한, 애처로운"
platitude,"n  a dull or trite remark ; a cliché 진부한, 평범한; 단조; 진부한 말, 흔해 빠진 발언"
plebeian,"n  common ; vulgar ; low class ; bourgeois 보통의, 평범한; 속된(vulgar), 천한"
plethora ,"n  an excess 과다, 과잉"
poignant,"a  painfully emotional ; extremely moving ; sharp or astute 신랄한, 날카로운; 감동적인, 마음에 강하게 호소하는"
#65,
polarize,"v  to break up into opposing factions or groupings 극성을 주다, 양극화하다; 대립시키다, 분열하다"
polemic,"n  a powerful argument often make to attack or refute a controversial issue 논쟁, 논법"
ponderous,"a  so large as to be clumsy ; massive ; dull 아주 무거운(massive),  다루기에 불편한, 답답한, 지루한(dull), 장황한, 어색한"
portent,n  an omen ; a sign of something coming in the future 전조; 징조; 경이적인 것(사람)
postulate,"n  something accepted as true without proof ; and axiom 가정, 선결 조건, 기본 원리, 필요조건; 원리, 이치"
pragmatic,"a  practical ; down to earth ; based on experience rather than theory 실용적인, 실용주의의"
precedent,"n  an earlier example or model of something 선례, 관례, 판례"
precept,"n  a rule to live by ; a principle establishing a certain kind of action or behavior ; a maxim 교훈, 격언(maxim); 법칙, 영장, 명령서"
precipitate,"v  to cause to happen abruptly  갑자기 빠뜨리다, 곤두박질치게 하다, 촉진시키다, 재촉하다"
precipitous,"a  steep 가파른, 험한(steep); 황급한, 허둥대는"
#66,
preclude,"v  to prevent something from ever happening  제외시키다, 배제하다; 방해하다, 가로막다"
precursor,"n  forerunner ; something that goes before and anticipates or paves the way for whatever it is that follows 선임자, 선배, 선구자, 선각자"
predilection,"n  a natural preference for something 편애, 역성"
preeminent,"a  better than anyone else ; outstanding ; supreme  탁월한, 발군의, 현저한, 출중한"
preempt,v  to seize something by prior right 선매권에 의해 얻다
premise,"n  an assumption ; the basis for a conclusion 전제, 전술한 사항, 근거; 토지, 부동산"
prepossess,"v  to preoccupy ; to influence beforehand or prejudice ; to make a good impression on beforehand  선입관을 가지게 하다; 좋은 이상을 주다, 호감을 가지게 하다"
prerogative,"n  a right or privilege connected exclusively with a position, a person, a class, a nation, or some other group or classification 특권, 특전; 우선 투표권"
prevail,"v  to triumph ; to overcome rivals ; (with on, upon, or with) to persuade 우세하다, 널리 보급하다; 유력하다, 압도하다"
pristine,"a  original ; unspoiled ; pure 원시적인, 옛날의, 원래의, 순박한"
prodigal,"a  wastefully extravagant 풍부한, 남아도는; 낭비하는, 방탕한"
#67,
prodigious,"a  extraordinary; enormous; vast   거대한, 막대한; 비범한, 유별난, 비상한"
prodigy,"n  an extremely talented child; an extraordinary accomplishment or occurrence; wonder  / 경이, 비상한 일, 이상한 조짐, 전조,"
profane,"a  not having to do with religion; irreverent; blasphemous  모독적인 신성을 더럽히는; 세속의, 야비한"
profess,"v  to declare; to declare falsely or pretend; 공언하다; 고백하다; 칭하다; 직업으로 하다  cf) professed 공언한, 전문적인, 본직의, 외양만의, 자칭의, 거짓의 professional a 직업의,전문직업의 n 지적 직업인, 전문가, 전문 선수"
proficient,"a  thoroughly competent; skillful; very good (at something)  숙달된,능숙한 (at, in) n 명인(expert)"
profligate,"a  extravagantly wasteful and, usually, wildly immoral  a 방탕한, 품행이 나쁜    n 방탕아, 난봉꾼 "
profound,"a  deep (several senses); ~sleep, ~knowledge, ~meaning, ~thanks, ~anxiety, ~bow   n profundity, profoundness 깊은, 뿌리 깊은; 심원한, 해박한, 난해한 , 충심에서의, 정중한  n(시어) 심연, 심해"
profuse,"a  flowing; extravagant  아낌없는, 마음이 후한; 풍부한, 많은; 과다한"
proletariat,"n  the industrial working class 무산계급, 최하층민"
proliferate,"v  to spread or grow rapidly 증식하다, 확산하다"
Prolific,"a  abundantly productive; fruitful or fertile 다산의, 비옥한, 다작의, 풍부한"
#68,
Promulgate,"v  to proclaim; to publicly or formally declare something 공포하다, 터뜨리다, 널리 펴다, 선전하다, 보급하다"
Propensity,"n  a natural inclination or tendency; a predilection 경향, 성향, 성벽, 성질"
Propitious,"a  marked by favorable signs or conditions  순조로운, 상서로운, 자비로운; 좋은, 호의를 가진"
Proponent,"n  an advocate; a supporter of a position 옹호자, 지지자; 제안가, 제의자"
Proprietary,"a  characteristic of an owner of property; constituting property  소유가의, 독점의, 점매 특허의; 재산 있는"
Propriety,"n   properness; good manners 타당, 정당; 예의바른, 교양"
Prosaic,"a  dull; unimaginative; like prose (as opposed to poetry) 산문적인, 평범한, 지루한"
Proscribe,"v  to outlaw; to prohibit 금지하다, 배척하다, 추방하다; 인권을 박탈하다"
Proselytize,"v  to convert (someone) from one religion or doctrine to another; to recruit converts to a religion or doctrine 개종시키다, 전향시키다"
Protagonist,"n  the leading character in a novel, play, or other work; a leader or champion 주인공, 주역, 주창자"
Protract,"v  to prolong 오래 끌게 하다, 연장하다, 뻗다, 내밀다(prolong)"
Provident,"a  preparing for the future; providing for the future; frugal 신중한, 선견지명이 있는; 검소한"
#69,
Provincial,"a  limited in outlook to ones own small corner of the world; narrow 편협한; 지방의, 시골의; 옹졸한, 투박한"
Provisional,"a  conditional; temporary; tentative  잠정적인, 일시적인, 임시의"
Proximity,"n  nearness 근접, 인접, 가까운"
Prudent,"a  careful; having foresight 신중한, 현명한, 검약하는, 빈틈없는"
Purported,"a  rumored; claimed 의미하다, 뜻하다; ,,,라고 칭하다, 주장하다"
Putative,"a  commonly accepted; supposed; reputed 추정의, 상상의, 소문에 들리는"
#70,
Qualify,"v  to modify or restrict  제한하다, 한정하다, 완화하다; 자격을 주다, 권한을 부여하다"
Qualitative,"a  having to do with the quality or qualities of something (as opposed to the quantity) 질적인, 질에 관한"
Querulous,"a  complaining; grumbling; whining 불평을 하는, 투덜거리는; 성마른"
Quixotic,"a  romantic or idealistic to a foolish or impractical degree 공상가의, 비실행적인"
#71,
Ramification,"n  a consequence; a branching out 결과, 귀추; 가지, 분기, 분리; 세부화"
Rancor,"n  bitter, long-lasting ill will or resentment 원한, 증오, 유감"
Rapacious,"a  greedy; plundering; avaricious 강탈하는, 약탈하는, 욕심많은"
Rebuke,"v  to criticize sharply 비난하다, 억제하다"
Rebut,"v  to contradict; to argue in opposition to; to prove to be false 논박하다, 반증하다"
Recalcitrant,"a  stubbornly defiant of authority or control; disobedient 반항하는, 고집센, 완강한"
recant,"v  to publicly take back and deny (something previously said or believed); to openly confess error 신앙이나 주장 등을 바꾸다, 취소하다, 철회하다"
reciprocal,"a  mutual; shared; interchangeable 상호간의(mutual), 호혜적인, 보복의, 보답의"
reclusive,"a  hermitlike; withdrawn from society 세상을 버린, 은둔한, 쓸쓸한"
recondite,"a  hard to understand; over ones head 심오한, 난해한, 알기 어려운"
#72,
recrimination,"n  a bitter counteraccusation, or the act of making a bitter counteraccusation 서로 책망함, 빈소, 전가, 맞고소"
redolent,a  fragrant 향기로운(fragrant)
redundant,"a  unnecessarily repetitive; excessive; excessively wordy 여분의, 과다한, 장황한"
refute,"v  to prove to be false; to disprove 논박하다, 반박하다"
reiterate,"v  to say again; to repeat 되풀이하다, 반복하다"
relegate,"v  to banish; to send away 내쫓다, 추방하다, 물리치다"
relentless,"a  continuous; unstoppable 냉혹한, 잔인한, 사정없는"
relinquish,"v  to release or let go of; to surrender; to stop doing  포기하다, 단념하다, 손을 떼다, 그만두다"
remonstrate,"v  to argue against; to protest; to raise objections 항의하다, 이의를 말하다, 간언하다"
renaissance,"n  a rebirth or revival 부활, 신생, 부흥"
renounce,"v  to give up formally or resign; to disown; to have nothing to do with anymore 포기하다 단념하다, 중지하다"
#73,
reparation,"n  paying back; making amends; compensation  보상, 배상; 수리, 수선"
repercussion,"n  a consequence; an indirect effect 되튀기, 반사, 반향, 반동, 반격"
replenish,"v  to fill again; to resupply; to restore 다시 채우다, 새로 보충하다"
replete,"a  completely filled; abounding 가득찬, 충만한; 포식한, 배부른, 포만한"
reprehensible,"a  worthy of blame or censure 비난할 만한, 꾸짖을 만한, 괘씸한"
reprisal,"n  a military action undertaken in revenge for another; an act of taking an eye for an eye 보복, 앙갚음, 복수; 실력 행사"
reproach,"v  to scold, usually in disappointment; to blame; to disgrace 비난하다, 나무라다, 꾸짖다; 체면을 손상시키다"
reprove,"v  to criticize mildly 비난하다, 꾸짖다, 타이르다, 야단치다"
repudiate,"v  to reject; to renounce; to disown to have nothing to do with 거부하다, 거절하다, 부인하다"
requisite," required necessary   필요한, 필수적인, 필수의"
resolute,"determined; firm; unwavering 굳게 결심한, 굳은, 단호한, 확고한"
#74,
Respite,"n  a period of rest or relief 연기, 일시적 중단, 유예; 휴식기간"
reticent,"a  quiet; restrained; reluctant to speak, especially about oneself 과묵한, 입이 무거운, 삼가는"
revere,"v  to respect highly; to honor  존경하다, 숭배하다"
rhetoric,"n  the art of formal speaking or writing; inflated discourse  수사학, 웅변술, 미사여구, 작문법"
rigorous,"a  strict; harsh; severe 엄격한, 호된, 엄한; 엄밀한, 정확한"
robust,"a  strong and healthy; vigorous 건강한, 튼튼한, 강건한, 건전한"
rogue,"n  a criminally dishonest persons; a scoundrel 건달, 깡패; 개구장이, 부당한"
rudimentary,"a  basic; crude; unformed or undeveloped 기본의, 초보의; 미숙한, 원형의"
ruminate,"v  to contemplate; to ponder; to mull over 반추하다, 심사 숙고하다"
rustic,"a  rural lacking urban comforts or sophistication; primitive  시골풍의(rural), 시골의, 소박한, 단순한"
#75,
saccharine,"a  sweet; excessively or disgustingly sweet 달콤한, 설탕 같은"
sacrilege,n  a violation of something sacred; blasphemy 신성 모독의
sacrosanct,"a  sacred; held to be inviolable 신성한, 신성 불가침의"
sagacious,"a  discerning; shrewd; keen in judgement; wise 현명한, 기민한, 총명한"
salient,"a  sticking out; conspicuous; leaping 두드러진, 현저한; 돌출한, 원기 왕성한"
salutary,"a  healthful; remedial; curative 건전한, 유익한"
sanctimonious,a  pretending to be devout; affecting religious feeling 경건한 체하는
sanguine,"a  cheerful; optimistic; hopeful  붉은 빛을 띤, 다혈질의, 혈색이 좋은, 쾌활한, 살벌한"
sardonic,"a  mocking; scornful 냉소하는, 빈정대는 "
#76,
scintillate,"v  to sparkle, either literally or figuratively 불꽃을 내다, 재치가 번득이다"
scrupulous,"a  strict; careful; hesitant for ethical reasons  빈틈없는, 면밀한; 양심적인, 지조있는, 신중한"
scrutinize,"v  to examine very carefully 자세히 조사하다, 속속들이 알아보다"
secular,a  having nothing to do with religion or spiritual concerns 세속의
sedition,"n  treason; the incitement of public disorder or rebellion 반역죄(treason); 치안 방해죄, 동란 교사죄"
sensory,"a  having to do with the senses or sensation 지각 기관의, 감각을 전달하는"
sentient,"a  able to perceive by the senses; conscious 지각 있는, ...을 느낄 수 있는"
sequester,"v  to set or keep apart 은퇴시키다, 고립시키다; 몰수하다, 가압류하다"
#77,
serendipity,"accidental good fortune; discovering good things without looking for them 뜻밖의 발견, 재수 좋게 찾아 낸 것"
servile,"submissive and subservient; like a servant 노예 근성의, 비굴한"
singular,"unique; superior; exceptional; strange 보통이 아닌, 뛰어난; 유일한(unique), 유례없는"
slander,"to speak badly about someone publicly; to defame; to spread malicious rumor 중상하다, 명예를 훼손하다"
sloth,laziness; sluggishness 게으름
sobriety,"the state of being sober; seriousness 절주, 절제, 제정신, 온건"
solicitous,"eager and attentive, often to the point of hovering; anxiously caring or attentive 간절히 ...하려 하는, 갈망하는; 염려하는, 걱정하는"
solvent,"not broke or bankrupt; able to pay ones bills  지급 능력이 있는, 감정을 누그러지게 하는"
soporific,"sleeping inducing; extremely boring; very sleepy 최면에 걸린, 졸리게 하는"
#78,
sordid,"vile; filthy; squalid 지저분한(filthy, squalid),  누추한, 탐욕스런, 야비한(vile)"
spawn,"to bring forth; to produce a large number 산란하다, 대량 생산하다"
specious,"deceptively plausible or attractive 허울 좋은, 그럴듯한, 겉만 번드레한"
sporadic,"stopping and starting; scattered; occurring in bursts every once in a while 때때로 일어나는, 드문드문한, 산발성의"
spurious,"false; fake 가짜의(false, fake)"
squalor,"filth; wretched, degraded, or repulsive living conditions  불결함, 더러움; 천함, 야비함"
squander,"to waste 헛되이 쓰다, 탕진하다, 낭비하다, 분산시키다"
stagnation,"motionlessness; inactivity 침체, 불경기"
static,"stationary; not changing or moving 정적인, 정지된, 정지 상태의"
staunch,"firmly committed; firmly in favor of; steadfast 견고한, 튼튼한; 믿음직한, 완고한, 확고부동한(steadfast)"
steadfast,"loyal; faithful 충실한(loyal, faithful), 확고부동한, 불변의"
stigmatize,"to brand with disgrace; to set a mark of disgrace upon 비난하다, 오명을 씌우다, 낙인을 찍다"
stipulate,"to require something as part of an agreement 규정하다, 조건으로 요구(규명)하다"
stoic,"indifferent (at least outwardly) to pleasure or pain, to joy or grief, to fortune or misfortune 스토익학파의; 금욕/극기주의"
stratum,"a layer; a level 지층, 사회의 계층(layer, level)"
stricture,"a restriction; a limitation; a negative criticism 구속, 협착; 혹평"
#79,
strife,"bitter conflict; discord; a struggle or clash  투쟁, 쟁의, 불화, 반목, 싸움"
stringent,"strict; restrictive 엄중한, 절박한, 그럴듯한"
stymie,"to thwart; to get in the way of; to hinder 방해하다, 방해구로 방해하다"
subjugate,"to subdue and dominate; to enslave 정복하다, 가라앉히다"
sublime,"awesome; extremely exalted; lofty; majestic 장엄한(lofty), 탁월한, 고상한, 두려움(awesome)"
subordinate,"lower in importance, position, or rank; secondary 종속하는, 부수하는; 아래의, 하위의"
substantive,"having substance; real; essential; solid; substantial 현실의, 독립의; 명사의"
subtle,"not obvious; able to make fine distinctions; ingenious; crafty 미묘한, 예민한, 교활한, 교묘한"
subversive,"corrupting; overthrowing; undermining; insurgent 파괴적인, 전복하는"
succinct,brief and to the point; concise 간결한
#80,
succumb,"to yield or submit; to die 죽다, 쓰러지다; 굴복하다, 지다"
supercilious,"haughty; patronizing 거드름을 피우는, 거만한"
superficial,"on the surface only; shallow; not thorough  표면적인, 외면의; 피상적인, 허울뿐인; 영향이 적은"
superfluous,"extra; unnecessary; redundant 남아도는, 불필요한"
surfeit,"excess; an excessive amount; excess or overindulgence in eating or drinking 과식, 과음, 포만"
surreptitious,"sneaky; secret 은밀한, 부정한, 간교한"
surrogate,"substitute 대리의, 대용의"
sycophant,one who sucks up to others 아첨꾼
synthesis,"the combing of parts to form a whole 통합, 종합; 합성"
#81,
tacit,"implied; not spoken 무언의, 암묵적인, 암시하는(implied)"
taciturn,"untalkative by nature 말없는, 입이 무거운, 무뚝뚝한"
tangential,"only superficially related to the matter at hand; not especially relevant; peripheral 접선의, 접하는; 탈선적인, 주제를 벗어난"
tangible,"touchable; palpable 만질 수 있는(touchable, palpable), 만져서 알 수 있는, 실속있는, 명백한, 확실한"
tantamount,"equivalent to 동등한, 상당하는"
tautological,"redundant; circular 동의어의, 중언부언의; 과다한(redundant)"
temerity,"boldness; recklessness; audacity 만용, 무모(boldness; recklessness; audacity)"
temperate,"mild; moderate; restrained 기온이 온화한(mild), 온건한, 절제하는"
tenable,"defensible, as in ones position in an argument; capable of being argued successfully; valid 공격에 견딜 수 있는, 지지 받을 수 있는, 유리할 수 있는"
tenacious,"persistent; stubborn; not letting go  고집센(persistent), 몹시 집착하는, 완고한(stubborn)"
#82,
tenet,a shared principle or belief 종교나 정치 혹은 철학 따위의 주의
tentative,"experimental; temporary; uncertain  잠정적인, 시험적인, 임시의; 주저하는, 머뭇거리는"
tenuous,"flimsy; extremely thin 얇은, 희박한, 가는"
terse,using no unnecessary words; succinct 간결한(succinct)
theology,"the study of god or religion 신학, 종교 심리학"
tirade,"prolonged, bitter speech 장광설, 신랄한 연설"
torpor,"sluggishness; inactivity; apathy 무감각, 둔한, 동면"
touchstone,"a standard; a test of authenticity or quality  금이나 은의 순도를 판별하는 시금석, 표준"
tout,"to praise highly; to brag publicly about ...을 극구 칭찬하다, ...에 대해 말하다; 성가시게 권유하다"
transcend,"to go beyond or above; to surpass 초월하다, 능가하다, 우수하다"
transgress,"to violate (a law); to sin 범하다, 어기다(violate)"
transient,"not staying for a long time; temporary 일시적인, 변하기 쉬운"
trepidation,"fear; apprehension; nervous trembling 공포(fear), 전율, 놀람, 당황"
turpitude,"shameful wickedness; depravity 비열, 타락, 비열한 행위"
#83,
ubiquitous,"being everywhere at the same time 어디에나 있는, 편재하는"
unconscionable,"not controlled by conscience; unscrupulous 불합리한, 터무니없는, 비양심적인"
unctuous,"oily, both literally and figuratively; insincere  기름 같은, 매끈한, 아주 감동한 체하는, 상냥한"
uniform,"consistent; unchanging; the same for everyone  일정한, 균일한(consistent, unchanging)"
unremitting,"unceasing; unabated; relentless 간단없는, 끈질긴"
unwitting,"unintentional; ignorant; not aware 무의식의, 생각나지 않는"
urbane,"poised; sophisticated; refined 도시풍의, 점잖은, 세련된"
usurp,"to seize wrongfully 권력이나 지위를 빼앗다, 찬탈하다, 침해하다"
utilitarian,"stressing usefulness or utility above all other qualities; pragmatic  공리적인, 실용적인, 공리주의의"
utopia,an ideal society 
#84,
vacillate,"to be indecisive; to waver 흔들리다, 동요하다; 주저하다, 망설이다"
vapid,"without liveliness; dull; spiritless 맛없는, 김빠진, 지루한"
vehement,"intense; forceful; violent 열심인, 열렬한, 열정적인, 맹렬한"
venal,"capable of being bribed; willing to do anything for money; corrupt 돈으로 좌우할 수 있는, 매수할 수 있는, 매수되기 쉬운; 타락한, 부패한"
venerate,"to revere; to treat as something holy, especially because of great age 존경하다, 공경하다"
veracity,"truthfulness 진실, 성실, 정직"
verbose,"using too many words; not succinct; circumlocutory  말이 많은, 장광설의, 장황한"
verisimilitude,"similarity to reality; the appearance of truth; looking like real thing 진실인 듯한, 있을 법한, 진짜인 것처럼 보이는, 박진성"
vernacular,everyday speech; slang; idiom
vestige,"a remaining bit of something; a last trace 자취, 흔적"
vex,"to annoy; to pester; to confuse 초조하게 하다, 괴롭히다"
viable,"capable of living; workable 생존할 수 있는, 자랄 수 있는"
vicarious,"experienced, performed, or suffered through someone else; living through the experiences of another as though they were ones own experiences 대리직의, 대리의, 대리하는, 대신의"
vicissitude,"upheaval; natural cange; change in fortune 변화, 부침, 흥망; 변하기 쉬움"
vilify,"to say vile things about; to defame 헐뜯다, 중상하다; 타락시키다"
#85,
vindicate,"to clear from all blame or suspicion; to justify  변호하다, 옹호하다, 진실을 밝히다, 명예를 회복하다; 논박하다"
vindictive,"seeking revenge 앙심을 품은, 복수심을 품은"
virtuoso,"a masterful musician; a masterful practitioner in some other field 예술의 거장(대가), 미술에 정통한 사람, 미술품 감정가"
virulent,"extremely poisonous; malignant; full of hate  독이 있는, 악의가 있는; 심술궂은, 악성(유독성)의"
visionary,"a dreamer; someone with impractical goals or ideas about the future 공상가, 환상을 쫓는 사람"
vitiate,"to make impure; to pollute  ...의 가치를 떨어뜨리다, 손상시키다, 해치다; 무효로 하다"
vitriolic,"caustic; full of bitterness 신랄한, 통렬한"
vocation,"an occupation; a job 소명, 성직, 천직, 직업; 적성, 소질"
vociferous,"loud; noisy 큰 소리로 고함치는, 시끄러운"
volatile,"quick to evaporate; highly unstable; explosive  휘발하는, 휘발성의; 변덕스러운, 불안정한; 경박한, 민활한, 쾌활한"
volition,"will; conscious choice 의지, 결단력, 의욕"
#86,
wanton,"malicious; unjustifiable; unprovoked  방자한, 무엄한, 이유가 없는, 터무니없는, 변덕스러운"
willful,"deliberate; obstinate; insistent on having ones way 계획적인, 고의의, 고집센"
wistful,"yearning; sadly longing 탐내는, 동경하는, 생각에 잠긴"
zealous,"enthusiastically devoted to something; fervent 열광적인, 열광하는"
